"","Phase"
"RVR0005","Young Adult"
"RVR0012","Young Adult"
"RVR0015","Young Adult"
"RVR0022","Young Adult"
"RVR0035","Young Adult"
"RVR0036","Young Adult"
"RVR0037","Old Adult"
"RVR0038","Old Adult"
"RVR0046","Old Adult"
"RVR0050","Old Adult"
"RVR0051","Young Adult"
"RVR0060","Young Adult"
"RVR0061","Old Adult"
"RVR0063","Old Adult"
"RVR0066","Young Adult"
"RVR0075","Young Adult"
"RVR0077","Young Adult"
"RVR0079","Old Adult"
"RVR0080","Young Adult"
"RVR0084","Young Adult"
"RVR0087","Old Adult"
"RVR0088","Young Adult"
"RVR0092","Old Adult"
"RVR0094","Young Adult"
"RVR0113","Old Adult"
"RVR0120","Young Adult"
"RVR0124","Young Adult"
"RVR0135","Young Adult"
"RVR0137","Old Adult"
"RVR0140","Young Adult"
"RVR0146","Old Adult"
"RVR0147","Young Adult"
"RVR0170","Young Adult"
"RVR0180","Young Adult"
"RVR0191","Young Adult"
"RVR0198","Young Adult"
"RVR0199","Young Adult"
"RVR0201","Young Adult"
"RVR0204","Young Adult"
"RVR0208","Old Adult"
"RVR0213","Old Adult"
"RVR0214","Young Adult"
"RVR0217","Young Adult"
"RVR0224","Young Adult"
"RVR0228","Young Adult"
"RVR0232","Young Adult"
"RVR0240","Young Adult"
"RVR0242","Young Adult"
"RVR0249","Young Adult"
"RVR0256","Old Adult"
"RVR0283","Young Adult"
"RVR0284","Old Adult"
"VU.039128087","Toddler"
"VU.038721635","Toddler"
"VU.038923744","Toddler"
"VU.038625638","Toddler"
"VU.038578290","Toddler"
"VU.038692406","Toddler"
"VU.038773396","Toddler"
"VU.038600755","Child"
"VU.038612289","Toddler"
"VU.038583068","Toddler"
"VU.038669339","Toddler"
"VU.038470514","Toddler"
"VU.038451480","Toddler"
"VU.038341459","Toddler"
"VU.038972956","Toddler"
"VU.039036553","Toddler"
"VU.038326583","Toddler"
"VU.038828240","Toddler"
"VU.038598819","Toddler"
"VU.038090114","Toddler"
"VU.038391967","Toddler"
"VU.038840963","Toddler"
"VU.037760568","Toddler"
"VU.037543857","Toddler"
"VU.037321635","Toddler"
"VU.038846663","Toddler"
"VU.038694428","Toddler"
"VU.036921419","Toddler"
"VU.037222080","Toddler"
"VU.036911139","Toddler"
"VU.038084265","Toddler"
"VU.037905023","Toddler"
"VU.036619708","Toddler"
"VU.036766327","Toddler"
"VU.036307833","Toddler"
"VU.037363553","Toddler"
"VU.038605358","Toddler"
"VU.035983360","Toddler"
"VU.036381234","Toddler"
"VU.038351730","Toddler"
"VU.035732056","Toddler"
"VU.038268173","Child"
"VU.036012086","Child"
"VU.037380342","Child"
"VU.036515153","Child"
"VU.035511542","Child"
"VU.038351409","Child"
"VU.035508860","Child"
"VU.037524600","Child"
"VU.038313383","Child"
"VU.035270107","Child"
"VU.037844305","Child"
"VU.034420331","Child"
"VU.038743506","Child"
"VU.034529503","Child"
"VU.033994955","Child"
"VU.033842121","Child"
"VU.038066957","Child"
"VU.033352717","Child"
"VU.036365146","Child"
"VU.037741113","Child"
"VU.034609362","Child"
"VU.035347566","Child"
"VU.032235228","Child"
"VU.032848517","Child"
"VU.036772994","Child"
"VU.032109019","Child"
"VU.031682578","Child"
"VU.031443872","Child"
"VU.031040066","Child"
"VU.034772426","Child"
"VU.030680300","Child"
"VU.037336823","Child"
"VU.033578337","Child"
"VU.036136786","Child"
"VU.031223589","Child"
"VU.034970764","Child"
"VU.038156469","Child"
"VU.027050269","Child"
"VU.024846990","Child"
"VU.037635661","Child"
"VU.023443237","Child"
"VU.022099782","Teenager"
"VU.038510558","Teenager"
"VU.038165676","Teenager"
"VU.038684007","Teenager"
"VU.019190057","Teenager"
"VU.017111394","Teenager"
"VU.028628006","Teenager"
"VU.014921498","Teenager"
